profile,start,peak,end
16493,2023-08-28 17:44:00,2023-08-28 18:51:00,2023-08-28 19:28:00
16494,2023-08-29 01:25:00,2023-08-29 03:41:00,2023-08-29 04:04:00
16495,2023-08-29 05:10:00,2023-08-29 06:19:00,2023-08-29 06:54:00
16496,2023-08-29 07:41:00,2023-08-29 08:49:00,2023-08-29 10:24:00
16497,2023-08-29 11:31:00,2023-08-29 12:37:00,2023-08-29 13:11:00
16498,2023-08-29 13:51:00,2023-08-29 14:58:00,2023-08-29 15:32:00
16499,2023-08-29 16:06:00,2023-08-29 17:14:00,2023-08-29 17:48:00
16500,2023-08-29 18:31:00,2023-08-29 19:38:00,2023-08-29 20:12:00
16501,2023-08-29 21:01:00,2023-08-29 22:09:00,2023-08-29 23:44:00
16502,2023-08-30 00:46:00,2023-08-30 01:53:00,2023-08-30 02:27:00
16503,2023-08-30 03:01:00,2023-08-30 04:09:00,2023-08-30 04:43:00
16504,2023-08-30 05:11:00,2023-08-30 06:19:00,2023-08-30 06:53:00
16505,2023-08-30 07:41:00,2023-08-30 08:49:00,2023-08-30 10:24:00
16506,2023-08-30 11:31:00,2023-08-30 12:39:00,2023-08-30 13:13:00
16507,2023-08-30 13:51:00,2023-08-30 14:58:00,2023-08-30 15:32:00
16508,2023-08-30 16:06:00,2023-08-30 17:13:00,2023-08-30 17:46:00
16509,2023-08-30 18:31:00,2023-08-30 19:39:00,2023-08-30 20:13:00
16510,2023-08-30 21:01:00,2023-08-30 22:09:00,2023-08-30 23:44:00
16511,2023-08-31 00:46:00,2023-08-31 01:52:00,2023-08-31 02:26:00
16512,2023-08-31 03:01:00,2023-08-31 04:08:00,2023-08-31 04:42:00
16513,2023-08-31 05:11:00,2023-08-31 06:19:00,2023-08-31 06:53:00
16514,2023-08-31 07:41:00,2023-08-31 08:49:00,2023-08-31 10:24:00
16515,2023-08-31 11:31:00,2023-08-31 12:38:00,2023-08-31 13:12:00
16516,2023-08-31 13:51:00,2023-08-31 14:58:00,2023-08-31 15:32:00
16517,2023-08-31 16:06:00,2023-08-31 17:13:00,2023-08-31 17:47:00
16518,2023-08-31 18:31:00,2023-08-31 19:39:00,2023-08-31 20:13:00
16519,2023-08-31 21:01:00,2023-08-31 22:09:00,2023-08-31 23:44:00
16520,2023-09-01 00:46:00,2023-09-01 01:53:00,2023-09-01 02:27:00
16521,2023-09-01 03:01:00,2023-09-01 04:07:00,2023-09-01 04:40:00
16522,2023-09-01 05:11:00,2023-09-01 06:19:00,2023-09-01 06:53:00
16523,2023-09-01 07:41:00,2023-09-01 08:48:00,2023-09-01 10:23:00
16524,2023-09-01 11:31:00,2023-09-01 12:38:00,2023-09-01 13:12:00
16525,2023-09-01 13:51:00,2023-09-01 14:57:00,2023-09-01 15:30:00
16526,2023-09-01 16:06:00,2023-09-01 17:12:00,2023-09-01 17:45:00
16527,2023-09-01 18:31:00,2023-09-01 19:39:00,2023-09-01 20:13:00
16528,2023-09-01 21:01:00,2023-09-01 22:08:00,2023-09-01 23:42:00
16529,2023-09-02 00:46:00,2023-09-02 01:52:00,2023-09-02 02:25:00
16530,2023-09-02 03:01:00,2023-09-02 04:07:00,2023-09-02 04:41:00
16531,2023-09-02 05:11:00,2023-09-02 06:17:00,2023-09-02 06:51:00
16532,2023-09-02 07:41:00,2023-09-02 08:48:00,2023-09-02 10:22:00
16533,2023-09-02 11:31:00,2023-09-02 12:36:00,2023-09-02 13:10:00
16534,2023-09-02 13:51:00,2023-09-02 14:56:00,2023-09-02 15:29:00
16535,2023-09-02 16:06:00,2023-09-02 17:11:00,2023-09-02 17:43:00
16536,2023-09-02 18:31:00,2023-09-02 19:35:00,2023-09-02 20:08:00
16537,2023-09-02 21:01:00,2023-09-02 22:06:00,2023-09-02 23:35:00
16538,2023-09-03 00:46:00,2023-09-03 01:50:00,2023-09-03 02:22:00
16539,2023-09-03 03:01:00,2023-09-03 04:05:00,2023-09-03 04:38:00
16540,2023-09-03 05:11:00,2023-09-03 06:15:00,2023-09-03 06:48:00
16541,2023-09-03 07:41:00,2023-09-03 08:47:00,2023-09-03 10:21:00
16542,2023-09-03 11:31:00,2023-09-03 12:35:00,2023-09-03 13:07:00
16543,2023-09-03 13:51:00,2023-09-03 14:55:00,2023-09-03 15:28:00
16544,2023-09-03 16:06:00,2023-09-03 17:11:00,2023-09-03 17:44:00
16545,2023-09-03 18:31:00,2023-09-03 19:35:00,2023-09-03 20:08:00
16546,2023-09-03 21:01:00,2023-09-03 22:07:00,2023-09-03 23:41:00
16547,2023-09-04 00:46:00,2023-09-04 01:51:00,2023-09-04 02:24:00
16548,2023-09-04 03:01:00,2023-09-04 04:06:00,2023-09-04 04:38:00
16549,2023-09-04 05:11:00,2023-09-04 06:16:00,2023-09-04 06:49:00
16550,2023-09-04 07:41:00,2023-09-04 08:46:00,2023-09-04 10:15:00
16551,2023-09-04 11:31:00,2023-09-04 12:36:00,2023-09-04 13:10:00
16552,2023-09-04 13:51:00,2023-09-04 14:56:00,2023-09-04 15:29:00
16553,2023-09-04 16:06:00,2023-09-04 17:11:00,2023-09-04 17:44:00
16554,2023-09-04 18:31:00,2023-09-04 19:36:00,2023-09-04 20:10:00
16555,2023-09-04 21:01:00,2023-09-04 22:07:00,2023-09-04 23:42:00
16556,2023-09-05 00:46:00,2023-09-05 01:51:00,2023-09-05 02:24:00
16557,2023-09-05 03:01:00,2023-09-05 04:06:00,2023-09-05 04:39:00
16558,2023-09-05 05:11:00,2023-09-05 06:16:00,2023-09-05 06:49:00
16559,2023-09-05 07:41:00,2023-09-05 08:46:00,2023-09-05 10:14:00
16560,2023-09-05 11:31:00,2023-09-05 12:35:00,2023-09-05 13:08:00
16561,2023-09-05 13:51:00,2023-09-05 14:56:00,2023-09-05 15:29:00
16562,2023-09-05 16:06:00,2023-09-05 17:10:00,2023-09-05 17:43:00
16563,2023-09-05 18:31:00,2023-09-05 19:34:00,2023-09-05 20:06:00
16564,2023-09-05 21:01:00,2023-09-05 22:06:00,2023-09-05 23:34:00
16565,2023-09-06 00:46:00,2023-09-06 01:49:00,2023-09-06 02:21:00
16566,2023-09-06 03:01:00,2023-09-06 04:05:00,2023-09-06 04:38:00
16567,2023-09-06 05:11:00,2023-09-06 06:16:00,2023-09-06 06:49:00
16568,2023-09-06 07:41:00,2023-09-06 08:44:00,2023-09-06 10:12:00
16569,2023-09-06 11:31:00,2023-09-06 12:36:00,2023-09-06 13:08:00
16570,2023-09-06 13:51:00,2023-09-06 14:56:00,2023-09-06 15:29:00
16571,2023-09-06 16:06:00,2023-09-06 17:11:00,2023-09-06 17:43:00
16572,2023-09-06 18:31:00,2023-09-06 19:36:00,2023-09-06 20:08:00
16573,2023-09-06 21:01:00,2023-09-06 22:06:00,2023-09-06 23:40:00
16574,2023-09-07 00:46:00,2023-09-07 01:52:00,2023-09-07 02:25:00
16575,2023-09-07 03:01:00,2023-09-07 04:07:00,2023-09-07 04:41:00
16576,2023-09-07 05:11:00,2023-09-07 06:16:00,2023-09-07 06:49:00
16577,2023-09-07 07:41:00,2023-09-07 08:47:00,2023-09-07 10:21:00
16578,2023-09-07 11:31:00,2023-09-07 12:37:00,2023-09-07 13:10:00
16579,2023-09-07 13:51:00,2023-09-07 14:57:00,2023-09-07 15:30:00
16580,2023-09-07 16:06:00,2023-09-07 17:12:00,2023-09-07 17:45:00
16581,2023-09-07 18:31:00,2023-09-07 19:37:00,2023-09-07 20:11:00
16582,2023-09-07 21:01:00,2023-09-07 22:08:00,2023-09-07 23:42:00
16583,2023-09-08 00:46:00,2023-09-08 01:53:00,2023-09-08 02:26:00
16584,2023-09-08 03:01:00,2023-09-08 04:07:00,2023-09-08 04:42:00
16585,2023-09-08 05:11:00,2023-09-08 06:15:00,2023-09-08 06:47:00
16586,2023-09-08 07:41:00,2023-09-08 08:47:00,2023-09-08 10:21:00
16587,2023-09-08 11:31:00,2023-09-08 12:37:00,2023-09-08 13:10:00
16588,2023-09-08 13:51:00,2023-09-08 14:58:00,2023-09-08 15:31:00
16589,2023-09-08 16:06:00,2023-09-08 17:12:00,2023-09-08 17:46:00
16590,2023-09-08 18:31:00,2023-09-08 19:37:00,2023-09-08 20:10:00
16591,2023-09-08 21:01:00,2023-09-08 22:07:00,2023-09-08 23:42:00
16592,2023-09-09 00:46:00,2023-09-09 01:53:00,2023-09-09 02:26:00
16593,2023-09-09 03:01:00,2023-09-09 04:08:00,2023-09-09 04:42:00
16594,2023-09-09 05:11:00,2023-09-09 06:18:00,2023-09-09 06:52:00
16595,2023-09-09 07:41:00,2023-09-09 08:48:00,2023-09-09 10:22:00
16596,2023-09-09 11:31:00,2023-09-09 12:38:00,2023-09-09 13:12:00
16597,2023-09-09 13:51:00,2023-09-09 14:58:00,2023-09-09 15:32:00
16598,2023-09-09 16:06:00,2023-09-09 17:12:00,2023-09-09 17:46:00
16599,2023-09-09 18:31:00,2023-09-09 19:38:00,2023-09-09 20:12:00
16600,2023-09-09 21:01:00,2023-09-09 22:08:00,2023-09-09 23:43:00
16601,2023-09-10 00:46:00,2023-09-10 01:53:00,2023-09-10 02:27:00
16602,2023-09-10 03:01:00,2023-09-10 04:08:00,2023-09-10 04:42:00
16603,2023-09-10 05:11:00,2023-09-10 06:18:00,2023-09-10 06:52:00
16604,2023-09-10 07:41:00,2023-09-10 08:48:00,2023-09-10 10:22:00
16605,2023-09-10 11:31:00,2023-09-10 12:37:00,2023-09-10 13:11:00
16606,2023-09-10 13:51:00,2023-09-10 14:57:00,2023-09-10 15:31:00
16607,2023-09-10 16:06:00,2023-09-10 17:13:00,2023-09-10 17:47:00
16608,2023-09-10 18:31:00,2023-09-10 19:38:00,2023-09-10 20:12:00
16609,2023-09-10 21:01:00,2023-09-10 22:08:00,2023-09-10 23:43:00
16610,2023-09-11 00:46:00,2023-09-11 01:53:00,2023-09-11 02:27:00
16611,2023-09-11 03:01:00,2023-09-11 04:08:00,2023-09-11 04:42:00
16612,2023-09-11 05:11:00,2023-09-11 06:19:00,2023-09-11 06:53:00
16613,2023-09-11 07:41:00,2023-09-11 08:48:00,2023-09-11 10:22:00
16614,2023-09-11 11:31:00,2023-09-11 12:37:00,2023-09-11 13:10:00
16615,2023-09-12 00:45:00,2023-09-12 01:53:00,2023-09-12 02:28:00
16616,2023-09-12 03:01:00,2023-09-12 04:09:00,2023-09-12 04:43:00
16617,2023-09-12 05:11:00,2023-09-12 06:19:00,2023-09-12 06:53:00
16618,2023-09-12 07:41:00,2023-09-12 08:49:00,2023-09-12 10:24:00
16619,2023-09-12 11:31:00,2023-09-12 12:37:00,2023-09-12 13:11:00
16620,2023-09-12 13:51:00,2023-09-12 14:57:00,2023-09-12 15:30:00
16621,2023-09-12 16:06:00,2023-09-12 17:14:00,2023-09-12 17:48:00
16622,2023-09-12 18:31:00,2023-09-12 19:39:00,2023-09-12 20:13:00
16623,2023-09-12 21:01:00,2023-09-12 22:09:00,2023-09-12 23:44:00
16624,2023-09-13 00:46:00,2023-09-13 01:53:00,2023-09-13 02:27:00
16625,2023-09-13 03:01:00,2023-09-13 04:09:00,2023-09-13 04:43:00
16626,2023-09-13 05:11:00,2023-09-13 06:19:00,2023-09-13 06:53:00
16627,2023-09-13 07:41:00,2023-09-13 08:49:00,2023-09-13 10:24:00
16628,2023-09-13 11:31:00,2023-09-13 12:38:00,2023-09-13 13:12:00
16629,2023-09-13 13:51:00,2023-09-13 14:57:00,2023-09-13 15:30:00
16630,2023-09-13 16:06:00,2023-09-13 17:14:00,2023-09-13 17:48:00
16631,2023-09-13 18:31:00,2023-09-13 19:39:00,2023-09-13 20:13:00
16632,2023-09-13 21:01:00,2023-09-13 22:09:00,2023-09-13 23:44:00
16633,2023-09-14 00:46:00,2023-09-14 01:53:00,2023-09-14 02:27:00
16634,2023-09-14 03:01:00,2023-09-14 04:08:00,2023-09-14 04:43:00
16635,2023-09-14 05:11:00,2023-09-14 06:18:00,2023-09-14 06:51:00
16636,2023-09-14 07:41:00,2023-09-14 08:49:00,2023-09-14 10:24:00
16637,2023-09-14 11:31:00,2023-09-14 12:38:00,2023-09-14 13:11:00
16638,2023-09-14 13:51:00,2023-09-14 14:57:00,2023-09-14 15:30:00
16639,2023-09-14 16:06:00,2023-09-14 17:13:00,2023-09-14 17:46:00
16640,2023-09-14 18:31:00,2023-09-14 19:38:00,2023-09-14 20:12:00
16641,2023-09-14 21:01:00,2023-09-14 22:08:00,2023-09-14 23:43:00
16642,2023-09-15 00:46:00,2023-09-15 01:53:00,2023-09-15 02:26:00
16643,2023-09-15 03:01:00,2023-09-15 04:08:00,2023-09-15 04:43:00
16644,2023-09-15 05:11:00,2023-09-15 06:17:00,2023-09-15 06:50:00
16645,2023-09-15 07:41:00,2023-09-15 08:48:00,2023-09-15 10:22:00
16646,2023-09-15 11:31:00,2023-09-15 12:38:00,2023-09-15 13:12:00
16647,2023-09-15 13:51:00,2023-09-15 14:58:00,2023-09-15 15:32:00
16648,2023-09-15 16:06:00,2023-09-15 17:13:00,2023-09-15 17:47:00
16649,2023-09-15 18:31:00,2023-09-15 19:38:00,2023-09-15 20:13:00
16650,2023-09-15 21:01:00,2023-09-15 22:08:00,2023-09-15 23:43:00
16651,2023-09-16 00:46:00,2023-09-16 01:53:00,2023-09-16 02:27:00
16652,2023-09-16 03:01:00,2023-09-16 04:08:00,2023-09-16 04:42:00
16653,2023-09-16 05:11:00,2023-09-16 06:18:00,2023-09-16 06:53:00
16654,2023-09-16 07:41:00,2023-09-16 08:49:00,2023-09-16 10:24:00
16655,2023-09-16 11:31:00,2023-09-16 12:38:00,2023-09-16 13:13:00
16656,2023-09-16 13:51:00,2023-09-16 14:58:00,2023-09-16 15:31:00
16657,2023-09-16 16:06:00,2023-09-16 17:13:00,2023-09-16 17:47:00
16658,2023-09-16 18:31:00,2023-09-16 19:38:00,2023-09-16 20:12:00
16659,2023-09-16 21:01:00,2023-09-16 22:08:00,2023-09-16 23:43:00
16660,2023-09-17 00:46:00,2023-09-17 01:53:00,2023-09-17 02:27:00
16661,2023-09-17 03:01:00,2023-09-17 04:08:00,2023-09-17 04:42:00
16662,2023-09-17 05:11:00,2023-09-17 06:19:00,2023-09-17 06:53:00
16663,2023-09-17 07:41:00,2023-09-17 08:49:00,2023-09-17 10:24:00
16664,2023-09-17 11:31:00,2023-09-17 12:37:00,2023-09-17 13:11:00
16665,2023-09-17 13:51:00,2023-09-17 14:57:00,2023-09-17 15:31:00
16666,2023-09-17 16:06:00,2023-09-17 17:13:00,2023-09-17 17:47:00
16667,2023-09-17 18:31:00,2023-09-17 19:39:00,2023-09-17 20:14:00
16668,2023-09-17 21:01:00,2023-09-17 22:08:00,2023-09-17 23:42:00
16669,2023-09-18 00:46:00,2023-09-18 01:53:00,2023-09-18 02:26:00
16670,2023-09-18 03:01:00,2023-09-18 04:07:00,2023-09-18 04:40:00
16671,2023-09-18 05:11:00,2023-09-18 06:18:00,2023-09-18 06:53:00
16672,2023-09-18 07:41:00,2023-09-18 08:46:00,2023-09-18 10:14:00
16673,2023-09-18 11:31:00,2023-09-18 12:31:00,2023-09-18 13:02:00
16674,2023-09-18 13:51:00,2023-09-18 14:51:00,2023-09-18 15:22:00
16675,2023-09-18 16:06:00,2023-09-18 17:07:00,2023-09-18 17:37:00
16676,2023-09-18 18:31:00,2023-09-18 19:32:00,2023-09-18 20:02:00
16677,2023-09-18 21:01:00,2023-09-18 22:05:00,2023-09-18 23:33:00
16678,2023-09-19 00:46:00,2023-09-19 01:47:00,2023-09-19 02:17:00
16679,2023-09-19 03:01:00,2023-09-19 04:04:00,2023-09-19 04:36:00
16680,2023-09-19 05:11:00,2023-09-19 06:13:00,2023-09-19 06:45:00
16681,2023-09-19 07:41:00,2023-09-19 08:46:00,2023-09-19 10:14:00
16682,2023-09-19 11:31:00,2023-09-19 12:37:00,2023-09-19 13:10:00
16683,2023-09-19 13:51:00,2023-09-19 14:57:00,2023-09-19 15:30:00
16684,2023-09-19 16:06:00,2023-09-19 17:12:00,2023-09-19 17:46:00
16685,2023-09-19 18:31:00,2023-09-19 19:38:00,2023-09-19 20:12:00
16686,2023-09-19 21:01:00,2023-09-19 22:09:00,2023-09-19 23:44:00
16687,2023-09-20 00:46:00,2023-09-20 01:52:00,2023-09-20 02:26:00
16688,2023-09-20 03:01:00,2023-09-20 04:07:00,2023-09-20 04:41:00
16689,2023-09-20 05:11:00,2023-09-20 06:18:00,2023-09-20 06:51:00
16690,2023-09-20 07:41:00,2023-09-20 08:47:00,2023-09-20 10:22:00
16691,2023-09-20 11:31:00,2023-09-20 12:34:00,2023-09-20 13:07:00
16692,2023-09-20 13:51:00,2023-09-20 14:56:00,2023-09-20 15:29:00
16693,2023-09-20 16:06:00,2023-09-20 17:12:00,2023-09-20 17:46:00
16694,2023-09-20 18:31:00,2023-09-20 19:38:00,2023-09-20 20:12:00
16695,2023-09-20 21:01:00,2023-09-20 22:09:00,2023-09-20 23:44:00
16696,2023-09-21 00:46:00,2023-09-21 01:52:00,2023-09-21 02:26:00
16697,2023-09-21 03:01:00,2023-09-21 04:08:00,2023-09-21 04:42:00
16698,2023-09-21 05:11:00,2023-09-21 06:17:00,2023-09-21 06:51:00
16699,2023-09-21 07:41:00,2023-09-21 08:48:00,2023-09-21 10:23:00
16700,2023-09-21 11:31:00,2023-09-21 12:38:00,2023-09-21 13:12:00
16701,2023-09-21 13:51:00,2023-09-21 14:59:00,2023-09-21 15:33:00
16702,2023-09-21 16:06:00,2023-09-21 17:12:00,2023-09-21 17:46:00
16703,2023-09-21 18:31:00,2023-09-21 19:38:00,2023-09-21 20:12:00
16704,2023-09-21 21:01:00,2023-09-21 22:09:00,2023-09-21 23:44:00
16705,2023-09-22 00:46:00,2023-09-22 01:54:00,2023-09-22 02:28:00
16706,2023-09-22 03:01:00,2023-09-22 04:08:00,2023-09-22 04:42:00
16707,2023-09-22 05:11:00,2023-09-22 06:18:00,2023-09-22 06:52:00
16708,2023-09-22 07:41:00,2023-09-22 08:47:00,2023-09-22 10:22:00
16709,2023-09-22 11:31:00,2023-09-22 12:38:00,2023-09-22 13:12:00
16710,2023-09-22 13:51:00,2023-09-22 14:59:00,2023-09-22 15:33:00
16711,2023-09-22 16:06:00,2023-09-22 17:14:00,2023-09-22 17:48:00
16712,2023-09-22 18:31:00,2023-09-22 19:38:00,2023-09-22 20:12:00
16713,2023-09-22 21:01:00,2023-09-22 22:09:00,2023-09-22 23:44:00
16714,2023-09-23 00:46:00,2023-09-23 01:53:00,2023-09-23 02:28:00
16715,2023-09-23 03:01:00,2023-09-23 04:08:00,2023-09-23 04:43:00
16716,2023-09-23 05:11:00,2023-09-23 06:18:00,2023-09-23 06:53:00
16717,2023-09-23 07:41:00,2023-09-23 08:47:00,2023-09-23 10:21:00
16718,2023-09-23 11:31:00,2023-09-23 12:38:00,2023-09-23 13:12:00
16719,2023-09-23 13:51:00,2023-09-23 14:58:00,2023-09-23 15:32:00
16720,2023-09-23 16:06:00,2023-09-23 17:13:00,2023-09-23 17:48:00
16721,2023-09-23 18:31:00,2023-09-23 19:38:00,2023-09-23 20:12:00
16722,2023-09-23 21:01:00,2023-09-23 22:08:00,2023-09-23 23:43:00
16723,2023-09-24 00:46:00,2023-09-24 01:54:00,2023-09-24 02:29:00
16724,2023-09-24 03:01:00,2023-09-24 04:08:00,2023-09-24 04:43:00
16725,2023-09-24 05:11:00,2023-09-24 06:17:00,2023-09-24 06:50:00
16726,2023-09-24 07:41:00,2023-09-24 08:48:00,2023-09-24 10:23:00
16727,2023-09-24 11:31:00,2023-09-24 12:38:00,2023-09-24 13:13:00
16728,2023-09-24 13:51:00,2023-09-24 14:58:00,2023-09-24 15:32:00
16729,2023-09-24 16:06:00,2023-09-24 17:13:00,2023-09-24 17:47:00
16730,2023-09-24 18:31:00,2023-09-24 19:38:00,2023-09-24 20:11:00
16731,2023-09-24 21:01:00,2023-09-24 22:07:00,2023-09-24 23:42:00
16732,2023-09-25 00:46:00,2023-09-25 01:50:00,2023-09-25 02:22:00
16733,2023-09-25 03:01:00,2023-09-25 04:01:00,2023-09-25 04:32:00
16734,2023-09-25 05:11:00,2023-09-25 06:07:00,2023-09-25 06:35:00
16735,2023-09-25 07:41:00,2023-09-25 08:38:00,2023-09-25 09:52:00
16736,2023-09-25 18:31:00,2023-09-25 19:24:00,2023-09-25 19:51:00
16737,2023-09-25 21:01:00,2023-09-25 21:55:00,2023-09-25 23:08:00
16738,2023-09-26 00:46:00,2023-09-26 01:45:00,2023-09-26 02:15:00
16739,2023-09-26 03:01:00,2023-09-26 04:05:00,2023-09-26 04:37:00
16740,2023-09-26 05:11:00,2023-09-26 06:13:00,2023-09-26 06:45:00
16741,2023-09-26 07:41:00,2023-09-26 08:42:00,2023-09-26 10:03:00
16742,2023-09-26 11:31:00,2023-09-26 12:31:00,2023-09-26 13:01:00
16743,2023-09-26 13:51:00,2023-09-26 14:48:00,2023-09-26 15:16:00
16744,2023-09-27 00:46:00,2023-09-27 01:51:00,2023-09-27 02:24:00
16745,2023-09-27 03:01:00,2023-09-27 04:07:00,2023-09-27 04:41:00
16746,2023-09-27 05:11:00,2023-09-27 06:15:00,2023-09-27 06:47:00
16747,2023-09-27 07:41:00,2023-09-27 08:42:00,2023-09-27 10:09:00
16748,2023-09-27 11:31:00,2023-09-27 12:36:00,2023-09-27 13:10:00
16749,2023-09-27 13:51:00,2023-09-27 14:58:00,2023-09-27 15:31:00
16750,2023-09-27 16:06:00,2023-09-27 17:14:00,2023-09-27 17:48:00
16751,2023-10-04 18:31:00,2023-10-04 19:39:00,2023-10-04 20:14:00
16752,2023-10-04 21:01:00,2023-10-04 22:08:00,2023-10-04 23:43:00
16753,2023-10-05 00:46:00,2023-10-05 01:54:00,2023-10-05 02:29:00
16754,2023-10-05 03:01:00,2023-10-05 04:08:00,2023-10-05 04:42:00
16755,2023-10-05 05:11:00,2023-10-05 06:17:00,2023-10-05 06:50:00
16756,2023-10-05 07:41:00,2023-10-05 08:48:00,2023-10-05 10:23:00
16757,2023-10-05 11:31:00,2023-10-05 12:38:00,2023-10-05 13:12:00
16758,2023-10-05 13:51:00,2023-10-05 14:58:00,2023-10-05 15:31:00
16759,2023-10-05 16:06:00,2023-10-05 17:13:00,2023-10-05 17:47:00
16760,2023-10-05 18:31:00,2023-10-05 19:37:00,2023-10-05 20:11:00
16761,2023-10-05 21:01:00,2023-10-05 22:08:00,2023-10-05 23:42:00
16762,2023-10-06 00:46:00,2023-10-06 01:54:00,2023-10-06 02:29:00
16763,2023-10-06 03:01:00,2023-10-06 04:09:00,2023-10-06 04:43:00
16764,2023-10-06 05:11:00,2023-10-06 06:18:00,2023-10-06 06:52:00
16765,2023-10-06 07:41:00,2023-10-06 08:48:00,2023-10-06 10:23:00
16766,2023-10-06 11:31:00,2023-10-06 12:39:00,2023-10-06 13:13:00
16767,2023-10-06 13:51:00,2023-10-06 14:59:00,2023-10-06 15:33:00
16768,2023-10-06 16:06:00,2023-10-06 17:13:00,2023-10-06 17:47:00
16769,2023-10-06 18:31:00,2023-10-06 19:38:00,2023-10-06 20:12:00
16770,2023-10-06 21:01:00,2023-10-06 22:09:00,2023-10-06 23:44:00
16771,2023-10-07 00:46:00,2023-10-07 01:54:00,2023-10-07 02:28:00
16772,2023-10-07 03:01:00,2023-10-07 04:09:00,2023-10-07 04:43:00
16773,2023-10-07 05:11:00,2023-10-07 06:17:00,2023-10-07 06:51:00
16774,2023-10-07 07:41:00,2023-10-07 08:48:00,2023-10-07 10:23:00
16775,2023-10-07 11:31:00,2023-10-07 12:39:00,2023-10-07 13:14:00
16776,2023-10-07 13:51:00,2023-10-07 14:58:00,2023-10-07 15:32:00
16777,2023-10-07 16:06:00,2023-10-07 17:13:00,2023-10-07 17:47:00
16778,2023-10-07 18:31:00,2023-10-07 19:39:00,2023-10-07 20:13:00
16779,2023-10-07 21:01:00,2023-10-07 22:09:00,2023-10-07 23:45:00
16780,2023-10-08 00:46:00,2023-10-08 01:54:00,2023-10-08 02:29:00
16781,2023-10-08 03:01:00,2023-10-08 04:09:00,2023-10-08 04:43:00
16782,2023-10-08 05:11:00,2023-10-08 06:18:00,2023-10-08 06:53:00
16783,2023-10-08 07:41:00,2023-10-08 08:47:00,2023-10-08 10:22:00
16784,2023-10-08 11:31:00,2023-10-08 12:38:00,2023-10-08 13:11:00
16785,2023-10-08 13:51:00,2023-10-08 14:58:00,2023-10-08 15:33:00
16786,2023-10-08 16:06:00,2023-10-08 17:14:00,2023-10-08 17:49:00
16787,2023-10-08 18:31:00,2023-10-08 19:38:00,2023-10-08 20:12:00
16788,2023-10-08 21:01:00,2023-10-08 22:08:00,2023-10-08 23:43:00
16789,2023-10-09 00:46:00,2023-10-09 01:52:00,2023-10-09 02:26:00
16790,2023-10-09 03:01:00,2023-10-09 04:08:00,2023-10-09 04:41:00
16791,2023-10-09 05:11:00,2023-10-09 06:18:00,2023-10-09 06:52:00
16792,2023-10-09 07:41:00,2023-10-09 08:49:00,2023-10-09 10:24:00
16793,2023-10-09 11:31:00,2023-10-09 12:38:00,2023-10-09 13:12:00
16794,2023-10-09 13:51:00,2023-10-09 14:55:00,2023-10-09 15:27:00
16795,2023-10-09 16:06:00,2023-10-09 17:07:00,2023-10-09 17:37:00
16796,2023-10-09 18:31:00,2023-10-09 19:33:00,2023-10-09 20:04:00
16797,2023-10-09 21:01:00,2023-10-09 22:05:00,2023-10-09 23:34:00
16798,2023-10-10 00:46:00,2023-10-10 01:52:00,2023-10-10 02:26:00
16799,2023-10-10 03:01:00,2023-10-10 04:08:00,2023-10-10 04:42:00
16800,2023-10-10 05:11:00,2023-10-10 06:14:00,2023-10-10 06:45:00
16801,2023-10-10 07:41:00,2023-10-10 08:37:00,2023-10-10 09:51:00
16802,2023-10-10 11:31:00,2023-10-10 12:33:00,2023-10-10 13:05:00
16803,2023-10-10 13:51:00,2023-10-10 14:55:00,2023-10-10 15:27:00
16804,2023-10-10 16:06:00,2023-10-10 17:13:00,2023-10-10 17:47:00
16805,2023-10-10 18:31:00,2023-10-10 19:36:00,2023-10-10 20:08:00
16806,2023-10-10 21:01:00,2023-10-10 22:01:00,2023-10-10 23:23:00
16807,2023-10-11 00:46:00,2023-10-11 01:40:00,2023-10-11 02:08:00
16808,2023-10-11 03:01:00,2023-10-11 03:55:00,2023-10-11 04:23:00
16809,2023-10-11 05:11:00,2023-10-11 06:07:00,2023-10-11 06:35:00
16810,2023-10-11 07:41:00,2023-10-11 08:41:00,2023-10-11 10:02:00
16811,2023-10-11 11:31:00,2023-10-11 12:34:00,2023-10-11 13:06:00
16812,2023-10-11 13:51:00,2023-10-11 14:54:00,2023-10-11 15:27:00
16813,2023-10-11 16:06:00,2023-10-11 17:05:00,2023-10-11 17:36:00
16814,2023-10-11 18:31:00,2023-10-11 19:33:00,2023-10-11 20:04:00
16815,2023-10-11 21:01:00,2023-10-11 22:06:00,2023-10-11 23:35:00
16816,2023-10-12 00:46:00,2023-10-12 01:52:00,2023-10-12 02:26:00
16817,2023-10-12 03:01:00,2023-10-12 04:09:00,2023-10-12 04:43:00
16818,2023-10-12 05:11:00,2023-10-12 06:18:00,2023-10-12 06:52:00
16819,2023-10-12 07:41:00,2023-10-12 08:47:00,2023-10-12 10:21:00
16820,2023-10-12 11:31:00,2023-10-12 12:37:00,2023-10-12 13:11:00
16821,2023-10-12 13:51:00,2023-10-12 14:58:00,2023-10-12 15:32:00
16822,2023-10-12 16:06:00,2023-10-12 17:13:00,2023-10-12 17:47:00
16823,2023-10-12 18:31:00,2023-10-12 19:39:00,2023-10-12 20:13:00
16824,2023-10-12 21:01:00,2023-10-12 22:09:00,2023-10-12 23:41:00
16825,2023-10-14 00:45:00,2023-10-14 01:52:00,2023-10-14 02:25:00
16826,2023-10-14 03:01:00,2023-10-14 04:07:00,2023-10-14 04:41:00
16827,2023-10-14 05:11:00,2023-10-14 06:18:00,2023-10-14 06:52:00
16828,2023-10-14 07:41:00,2023-10-14 08:48:00,2023-10-14 10:23:00
16829,2023-10-14 11:31:00,2023-10-14 12:37:00,2023-10-14 13:11:00
16830,2023-10-14 13:51:00,2023-10-14 14:56:00,2023-10-14 15:29:00
16831,2023-10-14 16:06:00,2023-10-14 17:11:00,2023-10-14 17:45:00
16832,2023-10-14 18:31:00,2023-10-14 19:36:00,2023-10-14 20:08:00
16833,2023-10-14 21:01:00,2023-10-14 22:04:00,2023-10-14 23:32:00
16834,2023-10-15 00:46:00,2023-10-15 01:48:00,2023-10-15 02:19:00
16835,2023-10-15 03:01:00,2023-10-15 04:03:00,2023-10-15 04:35:00
16836,2023-10-15 05:11:00,2023-10-15 06:14:00,2023-10-15 06:46:00
16837,2023-10-15 07:41:00,2023-10-15 08:39:00,2023-10-15 09:59:00
16838,2023-10-15 11:31:00,2023-10-15 12:28:00,2023-10-15 12:57:00
16839,2023-10-15 13:51:00,2023-10-15 14:50:00,2023-10-15 15:20:00
16840,2023-10-15 16:06:00,2023-10-15 17:08:00,2023-10-15 17:40:00
16841,2023-10-15 18:31:00,2023-10-15 19:33:00,2023-10-15 20:05:00
16842,2023-10-15 21:01:00,2023-10-15 22:05:00,2023-10-15 23:33:00
16843,2023-10-16 00:46:00,2023-10-16 01:50:00,2023-10-16 02:22:00
16844,2023-10-16 03:01:00,2023-10-16 04:05:00,2023-10-16 04:38:00
16845,2023-10-16 05:11:00,2023-10-16 06:13:00,2023-10-16 06:45:00
16846,2023-10-16 07:41:00,2023-10-16 08:45:00,2023-10-16 10:13:00
16847,2023-10-16 11:31:00,2023-10-16 12:33:00,2023-10-16 13:05:00
16848,2023-10-16 13:51:00,2023-10-16 14:56:00,2023-10-16 15:29:00
16849,2023-10-16 16:06:00,2023-10-16 17:11:00,2023-10-16 17:44:00
16850,2023-10-16 18:31:00,2023-10-16 19:36:00,2023-10-16 20:09:00
16851,2023-10-16 21:01:00,2023-10-16 22:06:00,2023-10-16 23:40:00
16852,2023-10-17 00:46:00,2023-10-17 01:50:00,2023-10-17 02:22:00
16853,2023-10-17 03:01:00,2023-10-17 04:06:00,2023-10-17 04:39:00
16854,2023-10-17 05:11:00,2023-10-17 06:15:00,2023-10-17 06:48:00
16855,2023-10-17 07:41:00,2023-10-17 08:46:00,2023-10-17 10:15:00
16856,2023-10-17 11:31:00,2023-10-17 12:37:00,2023-10-17 13:10:00
16857,2023-10-17 13:51:00,2023-10-17 14:57:00,2023-10-17 15:30:00
16858,2023-10-17 16:06:00,2023-10-17 17:11:00,2023-10-17 17:44:00
16859,2023-10-17 18:31:00,2023-10-17 19:35:00,2023-10-17 20:07:00
16860,2023-10-17 21:01:00,2023-10-17 22:04:00,2023-10-17 23:32:00
16861,2023-10-18 00:46:00,2023-10-18 01:44:00,2023-10-18 02:13:00
16862,2023-10-18 03:01:00,2023-10-18 03:59:00,2023-10-18 04:29:00
16863,2023-10-18 05:11:00,2023-10-18 06:09:00,2023-10-18 06:38:00
16864,2023-10-18 07:41:00,2023-10-18 08:36:00,2023-10-18 09:49:00
16865,2023-10-18 11:31:00,2023-10-18 12:13:00,2023-10-18 12:35:00
16866,2023-10-18 13:51:00,2023-10-18 14:38:00,2023-10-18 15:02:00
16867,2023-10-18 16:06:00,2023-10-18 17:01:00,2023-10-18 17:29:00
16868,2023-10-18 18:31:00,2023-10-18 19:25:00,2023-10-18 19:52:00
16869,2023-10-18 21:01:00,2023-10-18 22:00:00,2023-10-18 23:21:00
16870,2023-10-19 00:46:00,2023-10-19 01:40:00,2023-10-19 02:07:00
16871,2023-10-19 03:01:00,2023-10-19 03:56:00,2023-10-19 04:23:00
16872,2023-10-19 05:11:00,2023-10-19 06:09:00,2023-10-19 06:38:00
16873,2023-10-19 07:41:00,2023-10-19 08:37:00,2023-10-19 09:51:00
16874,2023-10-19 11:31:00,2023-10-19 12:32:00,2023-10-19 13:03:00
16875,2023-10-19 13:51:00,2023-10-19 14:52:00,2023-10-19 15:23:00
16876,2023-10-19 16:06:00,2023-10-19 17:08:00,2023-10-19 17:40:00
16877,2023-10-19 18:31:00,2023-10-19 19:34:00,2023-10-19 20:07:00
16878,2023-10-19 21:01:00,2023-10-19 22:06:00,2023-10-19 23:34:00
16879,2023-10-20 00:46:00,2023-10-20 01:49:00,2023-10-20 02:21:00
16880,2023-10-20 03:01:00,2023-10-20 04:05:00,2023-10-20 04:38:00
16881,2023-10-20 05:11:00,2023-10-20 06:16:00,2023-10-20 06:48:00
16882,2023-10-20 07:41:00,2023-10-20 08:47:00,2023-10-20 10:21:00
16883,2023-10-20 11:31:00,2023-10-20 12:37:00,2023-10-20 13:11:00
16884,2023-10-20 13:51:00,2023-10-20 14:56:00,2023-10-20 15:29:00
16885,2023-10-20 16:06:00,2023-10-20 17:12:00,2023-10-20 17:45:00
16886,2023-10-20 18:31:00,2023-10-20 19:38:00,2023-10-20 20:12:00
16887,2023-10-20 21:01:00,2023-10-20 22:08:00,2023-10-20 23:42:00
16888,2023-10-21 00:46:00,2023-10-21 01:53:00,2023-10-21 02:27:00
16889,2023-10-21 03:01:00,2023-10-21 04:08:00,2023-10-21 04:42:00
16890,2023-10-21 05:11:00,2023-10-21 06:17:00,2023-10-21 06:50:00
16891,2023-10-21 07:41:00,2023-10-21 08:48:00,2023-10-21 10:22:00
16892,2023-10-21 11:31:00,2023-10-21 12:37:00,2023-10-21 13:11:00
16893,2023-10-21 13:51:00,2023-10-21 14:58:00,2023-10-21 15:32:00
16894,2023-10-21 16:06:00,2023-10-21 17:13:00,2023-10-21 17:46:00
16895,2023-10-21 18:31:00,2023-10-21 19:38:00,2023-10-21 20:12:00
16896,2023-10-21 21:01:00,2023-10-21 22:09:00,2023-10-21 23:44:00
16897,2023-10-22 00:46:00,2023-10-22 01:52:00,2023-10-22 02:26:00
16898,2023-10-22 03:01:00,2023-10-22 04:07:00,2023-10-22 04:41:00
16899,2023-10-22 05:11:00,2023-10-22 06:17:00,2023-10-22 06:51:00
16900,2023-10-22 07:41:00,2023-10-22 08:46:00,2023-10-22 10:20:00
16901,2023-10-22 11:31:00,2023-10-22 12:37:00,2023-10-22 13:11:00
16902,2023-10-22 13:51:00,2023-10-22 14:58:00,2023-10-22 15:31:00
16903,2023-10-22 16:06:00,2023-10-22 17:12:00,2023-10-22 17:46:00
16904,2023-10-22 18:31:00,2023-10-22 19:38:00,2023-10-22 20:11:00
16905,2023-10-22 21:01:00,2023-10-22 22:08:00,2023-10-22 23:42:00
16906,2023-10-23 00:46:00,2023-10-23 01:53:00,2023-10-23 02:27:00
16907,2023-10-23 03:01:00,2023-10-23 04:07:00,2023-10-23 04:40:00
16908,2023-10-23 05:11:00,2023-10-23 06:18:00,2023-10-23 06:52:00
16909,2023-10-23 07:41:00,2023-10-23 08:48:00,2023-10-23 10:22:00
16910,2023-10-23 21:01:00,2023-10-23 22:08:00,2023-10-23 23:43:00
16911,2023-10-24 00:46:00,2023-10-24 01:53:00,2023-10-24 02:27:00
16912,2023-10-24 03:01:00,2023-10-24 04:09:00,2023-10-24 04:43:00
16913,2023-10-24 05:11:00,2023-10-24 06:18:00,2023-10-24 06:52:00
16914,2023-10-24 07:41:00,2023-10-24 08:48:00,2023-10-24 10:23:00
16915,2023-10-24 11:31:00,2023-10-24 12:38:00,2023-10-24 13:12:00
16916,2023-10-24 13:51:00,2023-10-24 14:59:00,2023-10-24 15:33:00
16917,2023-10-24 16:06:00,2023-10-24 17:14:00,2023-10-24 17:48:00
16918,2023-10-24 18:31:00,2023-10-24 19:39:00,2023-10-24 20:13:00
16919,2023-10-24 21:01:00,2023-10-24 22:08:00,2023-10-24 23:43:00
16920,2023-10-25 00:46:00,2023-10-25 01:53:00,2023-10-25 02:27:00
16921,2023-10-25 03:01:00,2023-10-25 04:08:00,2023-10-25 04:42:00
16922,2023-10-25 05:11:00,2023-10-25 06:16:00,2023-10-25 06:49:00
16923,2023-10-25 07:41:00,2023-10-25 08:45:00,2023-10-25 10:13:00
16924,2023-10-25 11:31:00,2023-10-25 12:37:00,2023-10-25 13:11:00
16925,2023-10-25 13:51:00,2023-10-25 14:57:00,2023-10-25 15:30:00
16926,2023-10-25 16:06:00,2023-10-25 17:11:00,2023-10-25 17:44:00
16927,2023-10-25 18:31:00,2023-10-25 19:37:00,2023-10-25 20:10:00
16928,2023-10-25 21:01:00,2023-10-25 22:08:00,2023-10-25 23:42:00
16929,2023-10-26 00:46:00,2023-10-26 01:54:00,2023-10-26 02:28:00
16930,2023-10-26 03:01:00,2023-10-26 04:09:00,2023-10-26 04:43:00
16931,2023-10-26 05:11:00,2023-10-26 06:19:00,2023-10-26 06:53:00
16932,2023-10-26 07:41:00,2023-10-26 08:47:00,2023-10-26 10:22:00
16933,2023-10-26 11:31:00,2023-10-26 12:38:00,2023-10-26 13:12:00
16934,2023-10-26 13:51:00,2023-10-26 14:59:00,2023-10-26 15:33:00
16935,2023-10-26 16:06:00,2023-10-26 17:14:00,2023-10-26 17:49:00
16936,2023-10-26 18:31:00,2023-10-26 19:39:00,2023-10-26 20:14:00
16937,2023-10-26 21:01:00,2023-10-26 22:03:00,2023-10-26 22:11:00
